Variant,CD107a,MIP1b,IFNg,ADCP,ADNP,ADCD
IgG1,0.109967846,0.123966408,0.186339125,0.593989076,0.24677394,0.252718666
IgG2,0.066513551,0.189567183,0.035350509,0.598667255,0.669634482,0.337541047
IgG4,0.094304088,0.137855297,0.253445177,0.70376018,0.503663482,0.186980255
LALA,0.075287092,0.146027132,0.056920312,0.570665911,0.540967943,0.327860463
LALA LS,0.174919614,0.198643411,0.161174356,0.670124938,0.38766267,0.306665529
N297Q,0.068948094,0.204457364,0.080347513,0.548759625,0.283703578,0.318755597
AA LS,0.310978411,0.474483204,0.142001198,0.880933872,0.301333664,0.603501215
QL,0.171015158,0.210917313,0.124026363,0.800655462,0.327514222,0.459913003
QLS,0.077813505,0.127196382,0.176153385,0.728562426,0.537067398,0.387905668
YTE,0.071841984,0.253552972,0.076093469,0.893183404,0.297494068,0.482067466
YTE LS,0.156729444,0.264857881,0.076093469,0.74514587,0.308207527,0.605484242
E380A,0.927423059,0.90374677,0.33672858,0.909972454,0.80313016,0.556100473
E380A LS,0.485071199,0.616925065,0.291192331,0.793420718,0.347707927,0.705296601
EANA,0.561782269,0.730943152,0.289394847,0.788242411,0.332442447,
AAA,0.318787322,0.434108527,0.15817855,0.639868731,0.299319671,0.381508806
DVNH,0.553973358,0.620801034,0.084481726,0.610111854,0.317614743,0.422470041
MLNS,0.461185117,0.627583979,0.116836429,0.835444081,0.387835158,0.607403301
N434A,0.094671566,0.188307494,0.095865788,0.456110208,0.297623155,0.300268668
N434W,0.460266422,0.450581395,0.101258238,0.64462157,0.38816321,0.297475372
PINH,0.097611392,0.166085271,0.159376872,0.754925288,0.592326239,0.329353064
P257I LS,0.108497933,0.146059432,0.061713601,0.760606523,0.402087336,0.471150156
PIQI,0.07776757,0.137241602,0.159376872,0.819287497,0.498710768,0.427161073
PIQI LS,0.09085898,0.115148579,0.095266627,0.772405613,0.612870433,0.411190243
D376V LS,0.135186036,0.193152455,0.134212103,0.794497216,0.239434398,0.370953985
S324T,0.722094626,0.755813953,0.279209107,0.763744795,0.627479872,0.54226193
S324T LS,0.212540193,0.260658915,0.430796884,0.7227291,0.675432821,0.563925967
HFST,0.350941663,0.511950904,0.065308568,0.676983292,0.526499797,0.558744509
HFST LS,0.176619201,0.264211886,0.086279209,0.84176734,0.364876604,0.571388972
E345R LS,0.255397336,0.306524548,0.075494308,0.846995522,0.293746803,0.499125762
SEHFST LS,0.076986679,0.118604651,0.134811264,0.773496426,0.809890433,0.688046399
KWES,0.098530087,0.183462532,0.106051528,0.683136056,0.600977195,0.631839311
RGY LS,0.193523197,0.264211886,0.097663271,0.687968138,0.635049652,0.441532688
ALS,0.252181902,0.31879845,0.123427202,0.614525023,0.215337788,0.461554864
LPLIL LS,0.997243914,0.936369509,1,0.852565042,0.932667589,0.884302102
SAEAKA,0.675700505,0.717054264,0.207309766,0.715383497,0.587528499,0.745063755
EFTEA,0.513550758,0.599160207,0.164769323,0.613491569,0.612913028,0.469465649
EFTEA LS,0.560404226,0.637596899,0.129418814,0.664630253,0.608257154,0.489935605
I332E,0.897565457,0.960594315,0.748352307,0.770947851,0.428068495,0.495415583
I332E LS,0.450160772,0.450904393,0.279808268,0.704359,0.417050696,0.45788733
IgG3 RH,0.459807074,0.781976744,0.257639305,1,0.881156867,1
SDIE,0.881947634,0.862080103,0.411623727,0.739541094,0.48420919,0.501108789
SDIE LS,1,1,0.292390653,0.709163701,0.728508411,0.745298307
SDIEAL,0.972439136,0.945736434,0.376872379,0.682998802,0.359913735,0.232589876
SDIEAL LS,0.903536977,0.91375969,0.452965848,0.784660628,0.534111022,0.304511919
SDIEGA,0.786403307,0.834625323,0.269023367,0.819010639,0.469460664,0.365665913
SDIEGA LS,0.982085439,0.974160207,0.388855602,0.936222369,0.926284034,0.824747324
SDIESA,0.060587965,0.212209302,0.14799281,0.814914371,0.357680342,0.459507868
SDIESA LS,0.983004134,0.992248062,0.565608149,0.834496295,1,0.921851678
SDIEALGA,0.987138264,0.967700258,0.372079089,0.951262629,0.807879701,0.311164655
SDIEALGA LS,0.954983923,0.955103359,0.40802876,0.88033247,0.670184045,0.300993646
K326W,0.125953147,0.171802326,0.068903535,0.66790314,0.401164084,0.687790524
E333A,0.531005972,0.600775194,0.073696824,0.671799198,0.257861181,0.631924602
SELF,0.089389068,0.214373385,0.136009587,0.709029216,0.474670697,0.581304107
SELF LS,0.099770326,0.158268734,0.167765129,0.846561338,0.58835341,0.694763103